INI01	Inidian photos/05801-1786M.jpg
INI02	Inidian photos/11094-1786S.jpg
INI03	Inidian photos/290726_SerenaAnish_2493.JPG
INI04	Inidian photos/290726_SerenaAnish_3309(1).jpg
INI05	Inidian photos/Jake&Charu-Day2-285.jpg
INI06	Inidian photos/Jake&Charu-Day2-323.jpg
INI07	Inidian photos/Jake&Charu-Day2-405.jpg
INI08	Inidian photos/Jake&Charu-Day3-115.jpg
INI09	Inidian photos/Jake&Charu-Day3-294.jpg
INI10	Inidian photos/Wedding_M&V_Day1-1246.jpg
INI11	Inidian photos/Wedding_M&V_Day1-2230.jpg
INI12	Inidian photos/Wedding_M&V_Day2-2990.jpg
INI13	Inidian photos/Wedding_M&V_Day2-4743.jpg
INI14	Inidian photos/Wedding_M&V_Day2-4809.jpg
INT01	International photos/0042-2097M.jpg
INT02	International photos/0402-2064M.jpg
INT03	International photos/0742_Jennifer_Shane_SDB_446.jpg
INT04	International photos/0779-2064M.jpg
INT05	International photos/1828-2097M.jpg
INT06	International photos/1874-2097M.jpg
INT07	International photos/220526_CherieJames_1192_sign-blank.jpg
INT08	International photos/220526_CherieJames_3871.jpg
INT09	International photos/DSCF4004.jpg
INT10	International photos/DSCF6437.jpg
INT11	International photos/DSCF7484.jpg
INT12	International photos/DSCF7947.jpg
INT13	International photos/DSCF7978.jpg
INT14	International photos/DSCF9218.jpg
INT15	International photos/DSCF9741.jpg
INT16	International photos/Deborah&Stephen-108.jpg
INT17	International photos/Deborah&Stephen-113.jpg
INT18	International photos/Deborah&Stephen-170.jpg
INT19	International photos/MJ1251.jpg
INT20	International photos/MJ3675.jpg
INT21	International photos/TON07172.jpg
INT22	International photos/VET00160.jpg
INT23	International photos/VET07759.jpg
INT24	International photos/VET07944.jpg
INT25	International photos/VET08011.jpg
INT26	International photos/VET08066.jpg
INT27	International photos/VET08566.jpg
INT28	International photos/VET09712.jpg
INT29	International photos/VET09854.jpg
INT30	International photos/VET09969.jpg
LOC01	Local photos/2024.09.06._R&Z_SOCMEDPKG_1-20.jpg
LOC02	Local photos/Janji-AndreaMax-WeddingDay-205.jpg
LOC03	Local photos/Janji-AndreaMax-WeddingDay-211.jpg
LOC04	Local photos/Janji-AndreaMax-WeddingDay-213.jpg
LOC05	Local photos/Janji-AndreaMax-WeddingDay-219.jpg
WES01	Western／ Bule photos/0400_Hannah_Mitch_SDD_100.jpg
WES02	Western／ Bule photos/1783_Kaylyn_Daniel_SDD_540.jpg
WES03	Western／ Bule photos/2024.09.06._R&Z_SOCMEDPKG_1-20.jpg
WES04	Western／ Bule photos/2024.09.06._R&Z_SOCMEDPKG_2-32.jpg
WES05	Western／ Bule photos/2174_Hannah_Mitch_SDC_920.jpg
WES06	Western／ Bule photos/2838_Kaylyn_Daniel_SDB_1087.jpg
WES07	Western／ Bule photos/3044_Kaylyn_Daniel_SDE_306.jpg
WES08	Western／ Bule photos/4318_Kaylyn_Daniel_SDA_1671.jpg
WES09	Western／ Bule photos/Wedding_A&P-129.jpg
INI15	Inidian photos/Jake&Charu-Day3-58.jpg
WES10	Western／ Bule photos/2871_Kaylyn_Daniel_SDB_1126.jpg
VEN01	Venue photos/JWU_2225.jpg
BG01	Inidian photos/carried-bride-1.2.jpg
BG02	International photos/bg-bride-steps.jpg
BG03	International photos/bg-chapel-guests.jpg
PRF1	International photos/WeddMegaWill_0276_CMM_5721.jpg
PRF2	Inidian photos/Wedding_M&V_Day2-3130.jpg
PRF3	Western／ Bule photos/teaser_A&P-53.jpg
